Mural Registration ID,Image Link,Image
19001,https://live.staticflickr.com/784/27515627578_b672014d7e_b.jpg,Picture
19309,https://images.squarespace-cdn.com/content/v1/555e1b4de4b003d47ad05765/1432307498679-70IF3OOK4HCLW7JL7DBN/SouthShore03_905.jpg?format=1500w,Picture
19286,https://loopchicago.com/assets/Tourism-Operators/images/4_Ant-Ben-and-Gabe-Moskolis-copy__FillWzYwMCwzMjFd.jpg,Picture
19374,https://cdn.myportfolio.com/1d8e54e6-ae5a-4d6a-8a28-57b7e374d96a/abafb854-137c-48cd-8cd6-8a237b5aa13a_rw_1200.jpg?h=0f7c9b058e79dbfd3de9a69b7be2b19f,Picture
19179,https://freight.cargo.site/t/original/i/27286f80ab71f2f789c0aa10585a391f8181fb3a7bc0d79449aeabeb8e34811d/stwts.jpg,Picture
19290,https://loopchicago.com/assets/Tourism-Operators/images/17_Dwight-White_Lost-in-Now__FillWzEyMDAsMTIwMF0.jpg,Picture
19088,,#VALUE!
19337,,#VALUE!
19082,https://encrypted-tbn0.gstatic.com/images?q=tbn:ANd9GcQnDLyfuyIURemRvY0Bg892Z0V-GXi21c8CkOFEvvq99gVTHNd5V83lgBLE26RS3U4zU9U&usqp=CAU,Picture
19314,,#VALUE!
19109,https://encrypted-tbn0.gstatic.com/images?q=tbn:ANd9GcRE127gwgB0rKCKKTI3Mqzj0UMl3C36NmrNwx6ebTzW2MvRY0IKJpFFCFovdYho29DOpF4&usqp=CAU,Picture
19171,https://cst.brightspotcdn.com/dims4/default/2b39190/2147483647/strip/true/crop/4032x3024+0+0/resize/840x630!/quality/90/?url=https%3A%2F%2Fcdn.vox-cdn.com%2Fthumbor%2FYB9UJ4PsIo36hIfmlJr_uQnlGAM%3D%2F0x0%3A4032x3024%2F4032x3024%2Ffilters%3Afocal%282016x1512%3A2017x1513%29%2Fcdn.vox-cdn.com%2Fuploads%2Fchorus_asset%2Ffile%2F19877486%2FMontrose_Knox.jpg,Picture
19221,NA,
19288,https://loopchicago.com/assets/Tourism-Operators/images/19_Killabunz-and-Jose-Quezada_2birds-One-Stone__FillWzEyMDAsMTIwMF0.jpg,Picture
19214,,#VALUE!
19417,https://cst.brightspotcdn.com/dims4/default/a8a87c8/2147483647/strip/true/crop/3000x1713+0+1144/resize/1461x834!/quality/90/?url=https%3A%2F%2Fcdn.vox-cdn.com%2Fthumbor%2F2chHEfo7EhWHllwOy5f-4mOSlLU%3D%2F0x0%3A3000x4000%2F3000x4000%2Ffilters%3Afocal%281500x2000%3A1501x2001%29%2Fcdn.vox-cdn.com%2Fuploads%2Fchorus_asset%2Ffile%2F23381447%2Fwesttown.jpeg,Picture
19411,https://cst.brightspotcdn.com/dims4/default/f8dc112/2147483647/strip/false/crop/800x450+0+75/resize/1200x675!/quality/90/?url=https%3A%2F%2Fcdn.vox-cdn.com%2Fthumbor%2F6SCyf3l60f-qbL2t2EXQTW8jRq8%3D%2F0x0%3A800x600%2F800x600%2Ffilters%3Afocal%28400x300%3A401x301%29%2Fcdn.vox-cdn.com%2Fuploads%2Fchorus_asset%2Ffile%2F23221341%2F41A5A037_1229_4EC9_AAB2_D018371AB567.JPG,Picture
19034,https://cydsmillie.com/wp-content/uploads/2018/06/North-end-of-mural-150x150.jpg,Picture
19449,https://images.squarespace-cdn.com/content/v1/5859a21abebafbdeb004bae2/1633715070235-YOZCPI160V14X4U567MA/image-asset.png?format=2500w,Picture
19078,,#VALUE!
19284,https://loopchicago.com/assets/Tourism-Operators/images/1_Dwight-White_Face-Lift__FillWzEyMDAsMTIwMF0.jpeg,Picture
19210,https://masa-aws.imgix.net/1566781041515-ionic-testing.jpg?auto=format&ar=1:1&fit=fill&w=800&h=800&fill=blur,Picture
19311,,#VALUE!
19323,,#VALUE!
19185,https://live.staticflickr.com/4311/35419527544_04b468df2e_b.jpg,Picture
19372,https://131108822.cdn6.editmysite.com/uploads/1/3/1/1/131108822/s543891394305170201_p17_i5_w1080.jpeg,Picture
19434,https://cst.brightspotcdn.com/dims4/default/51b6736/2147483647/strip/false/crop/4032x2268+0+0/resize/1200x675!/quality/90/?url=https%3A%2F%2Fcdn.vox-cdn.com%2Fthumbor%2FSF-ZLBv4a2A73wvYe4fljt9r85E%3D%2F0x0%3A4032x3024%2F4032x3024%2Ffilters%3Afocal%282029x717%3A2030x718%29%2Fcdn.vox-cdn.com%2Fuploads%2Fchorus_asset%2Ffile%2F24819750%2FIMG_6140.jpg,Picture
19426,https://img-cache.oppcdn.com/img/v1.0/s:38127/t:QkxBTksrVEVYVCtIRVJF/p:12/g:tl/o:2.5/a:50/q:90/984x588-8NB7293l98TbSzMf.jpg/984x144/e500fd1c63f00de05282b66f7443460a.jpg,Picture
19404,https://images.squarespace-cdn.com/content/v1/56b9306c3c44d85323afcb64/1527097062732-SVQ9JDP6RWD83YQ98ZAG/24604140826_d7591409d9_o.jpg?format=750w,Picture
19106,https://anysquared.org/New/wp-content/uploads/2017/11/tumblr_pu4v90rZpR1r4jusvo5_1280.jpg,Picture
19409,https://encrypted-tbn0.gstatic.com/images?q=tbn:ANd9GcSjc8FNesQiK-2xqndPMPVx40AHmutaV86QRw&s,Picture
19428,https://img-cache.oppcdn.com/fixed/38127/assets/a9jf3ANmgxGRlzeq.jpg,Picture
19437,https://www.chicago.gov/content/dam/city/depts/mopd/CCMural/ccmuralcarousel/2022-10-11-048-Central-West-Community-Center-Mural_PP38968%20sm.jpg,Picture
19294,https://loopchicago.com/assets/Tourism-Operators/images/9_Peyton-Stewart_Psychedelic-Portal-v2__FillWzEyMDAsMTIwMF0.jpg,Picture
19183,https://live.staticflickr.com/4327/36236745336_2826a1d4b5_b.jpg,Picture
19325,,#VALUE!
19457,https://encrypted-tbn0.gstatic.com/images?q=tbn:ANd9GcTMLAo2yqKQVHJlnGVNWZL6ixTM_TPa3tkKrw&s,Picture
19096,,#VALUE!
19445,https://images.squarespace-cdn.com/content/v1/5a5d03d1ccc5c5e98cce0269/5b97d5ff-9d6e-48b9-ac52-66e2344817fd/P1030066_2.jpg,Picture
19441,https://i0.wp.com/bcc-newspack.s3.amazonaws.com/uploads/2021/06/congress3.jpg?resize=780%2C520&ssl=1,Picture
19403,"https://img1.wsimg.com/isteam/ip/ec629492-fcc4-48c9-9895-276835c52a56/FINAL.JPG/:/cr=t:5.54%25,l:0%25,w:88.92%25,h:88.92%25/rs=w:640,cg:true,m",Picture
19312,,#VALUE!
19394,https://cst.brightspotcdn.com/dims4/default/e7abd64/2147483647/strip/true/crop/1782x1120+0+0/resize/1680x1056!/format/webp/quality/90/?url=https%3A%2F%2Fcdn.vox-cdn.com%2Fthumbor%2FoVbAzLedhlbxx_Qz5EwjrM_eaXc%3D%2F0x0%3A1782x1120%2F1782x1120%2Ffilters%3Afocal%28891x560%3A892x561%29%2Fcdn.vox-cdn.com%2Fuploads%2Fchorus_asset%2Ffile%2F24206848%2FScreen_Shot_2022_11_17_at_2.22.17_PM.png,Picture
19051,,#VALUE!
19150,https://masa.imgix.net/https%3A%2F%2Fmasa-street-art.s3.us-east-2.amazonaws.com%2Fig%2FBpnJIKDBsPC.jpg?auto=format&ar=1:1&fit=fill&w=800&h=800&fill=blur&s=1c9e7707f5d3a8a3a61b26a64377d037,Picture
19077,,#VALUE!
19204,https://media.gettyimages.com/id/1144461913/photo/chicago-cityscapes-and-city-views.jpg?s=594x594&w=gi&k=20&c=het06YQCdfbL4gRVGpEUGhDn8ADRX97IcNClBe_0VAg=,Picture
19159,https://whimsysoul.com/wp-content/uploads/2021/07/Whimsy-Soul-Chicago-Murals-You-are-beautiful-122.jpg,Picture
19400,https://images.squarespace-cdn.com/content/v1/5e87658adfbb5a514c43d021/76d8c03a-e9c0-4e2e-9985-32eb64fba2ca/Flowers-1.jpg?format=1000w,Picture
19060,,#VALUE!
19071,https://assets.chicagoparkdistrict.com/s3fs-public/styles/558x314/public/images/locations/Cover_Barrett_Libertad.JPG?itok=AVrB8gzM,#CONNECT!
19398,https://live.staticflickr.com/65535/51159577941_58b2585d68_c.jpg,Picture
19407,https://cydsmillie.com/wp-content/uploads/2022/11/IMG_5730-scaled.jpeg,Picture
19283,https://images.squarespace-cdn.com/content/v1/58611ff99f7456471a518599/1674870382293-RWIQGPJNL1LM5GXXXWCH/C318D3F1-78F5-4A53-81E5-844E9CDF706A.jpeg?format=1500w,Picture
19146,,#VALUE!
19420,,#VALUE!
19190,,#VALUE!
19152,,#VALUE!
19086,,#VALUE!
19092,,#VALUE!
19122,"https://static.wixstatic.com/media/23bea2_7a0f379e59b84242984beb77ec87b694~mv2_d_4000_3000_s_4_2.jpg/v1/fill/w_978,h_1280,al_c,q_85,usm_0.66_1.00_0.01,enc_avif,quality_auto/23bea2_7a0f379e59b84242984beb77ec87b694~mv2_d_4000_3000_s_4_2.jpg",Picture
19149,https://cydsmillie.com/wp-content/uploads/2017/07/ReThinking-figure-768x1024.jpg,Picture
19292,,#VALUE!
19291,,#VALUE!
19429,https://img-cache.oppcdn.com/img/v1.0/s:38127/t:QkxBTksrVEVYVCtIRVJF/p:12/g:tl/o:2.5/a:50/q:90/1640x830-YwJzp45jd3aH0fcM.jpg/1106x830/3bdb02909fcc072eb1f14a38ed7819aa.jpg,Picture
19155,,#VALUE!
19154,,#VALUE!
19191,,#VALUE!
19427,https://rpba.org/wp-content/uploads/2017/01/MM_WindSunShine-2-1080x720.jpeg,Picture
19058,,#VALUE!
19199,,#VALUE!
19116,https://www.stevencarrelli.com/r/armitagemural1.jpg,Picture
19408,https://lakevieweast.com/wp-content/uploads/DSC04513-1024x683.jpg,Picture
19399,https://images.squarespace-cdn.com/content/v1/5e87658adfbb5a514c43d021/959ed3eb-3af2-4522-a47d-943e567a876a/59F7D93B-281D-442D-908E-10C99E23C44B.jpeg?format=1500w,Picture
19222,https://images.squarespace-cdn.com/content/v1/554e5f9fe4b09b59545088a1/1573248985896-SNOQW06UJKAY9QAOQ0E1/MollyZ_Green2.jpg?format=1500w,Picture
19431,https://img-cache.oppcdn.com/fixed/38127/assets/wasgMVeYULYys10q.jpg,Picture
19285,https://cst.brightspotcdn.com/dims4/default/b7f2ffa/2147483647/strip/true/crop/1833x1255+0+0/resize/840x575!/quality/90/?url=https%3A%2F%2Fcdn.vox-cdn.com%2Fthumbor%2F1k_C3rC7pyup-CZ-kX-TbgFJxPY%3D%2F0x0%3A1833x1255%2F1833x1255%2Ffilters%3Afocal%28917x628%3A918x629%29%2Fcdn.vox-cdn.com%2Fuploads%2Fchorus_asset%2Ffile%2F22667400%2FMural_Walk_061621_08.jpeg,Picture
19371,https://masa-aws.imgix.net/1574785692.jpg?auto=format,Picture
19178,https://images.squarespace-cdn.com/content/v1/5c49e5bd0dbda364fd8f97ea/1553542957589-59XSZQ68F397NU82R51T/150810_623SWabashMural_CCediel_MG_3064_web_2560.jpg?format=1500w,Picture
19205,https://www.eelcovandenberg.com/wp-content/uploads/original_dampkring_gallery.jpg,Picture
19328,,#VALUE!
19157,,#VALUE!
19418,https://masa-aws.imgix.net/react-1667849313043.jpg?auto=format,Picture
19147,,#VALUE!
19373,https://cdn.myportfolio.com/1d8e54e6-ae5a-4d6a-8a28-57b7e374d96a/5f3af23d-796a-4729-a111-384155ee5e38_rw_1200.jpg?h=487834bf5597c33fc837db0772bb9bb0,Picture
19187,https://eyesonthestreets.blog/wp-content/uploads/2024/08/cropped-famous_musicians_mural-3.jpg,Picture
19329,,#VALUE!
19166,,#VALUE!
19333,,#VALUE!
19293,https://loopchicago.com/assets/Tourism-Operators/images/10_Shawnimals_Make-It-Good.jpg,Picture
19319,,#VALUE!
19315,,#VALUE!
19180,https://media.gettyimages.com/id/1142008748/photo/chicago-kashinks-be-the-change-you-wish-to-see-mural-part-of-the-wabash-arts-corridor-is.jpg?s=612x612&w=gi&k=20&c=RGEUZQXEXtHsNbNMWY-Nzg5LQaycc5qLEP0Xu8hIQYY=,Picture
19376,,#VALUE!
19090,,#VALUE!
19184,https://www.thisiscolossal.com/wp-content/uploads/2016/05/collin-1.jpg,Picture
19161,,#VALUE!
19186,https://media.gettyimages.com/id/1143309905/photo/chicago-cityscapes-and-city-views.jpg?s=612x612&w=gi&k=20&c=te-D3LUJir1UE6UC0Ohe805EDgr3n1M7Oy4IWS_ICBs=,Picture
19251,,#VALUE!
19336,,#VALUE!
19313,,#VALUE!
19331,,#VALUE!
19173,https://www.artnet.com/WebServices/images/ll2722047llg1BkR3CfDrCWBHBAD/retna-provocateurs.jpg,Picture
19172,,#VALUE!
19163,https://cydsmillie.com/wp-content/uploads/2017/07/baseball-rules-slider-768x576.jpg,Picture
19080,,#VALUE!
19164,https://cydsmillie.com/wp-content/uploads/2017/07/110.png,Picture
19444,https://ravenswoodchicago.org/wp-content/uploads/2022/11/ponnopozz-mural-north-wall_01-edited-600x338.jpg,Picture
19321,,#VALUE!
19094,,#VALUE!
19174,https://i0.wp.com/obeygiant.com/images/2015/07/We-Own-The-Future-poster1.jpg?fit=600%2C800&ssl=1,Picture
19105,,#VALUE!
19436,,#VALUE!
19213,https://www.optima.inc/wp-content/uploads/2021/02/Lauren-Asta_Lakeview.jpg,Picture
19108,,#VALUE!
19218,https://www.chicago.gov/content/dam/city/depts/dca/Public%20Art/mural_registry/grid_gallery/legends.jpg,#VALUE!
19432,https://blogger.googleusercontent.com/img/b/R29vZ2xl/AVvXsEh0Q-o2_wPRV1GGJg142gjqrbrKpIwehBeaiQ1KiUMdYZnI07u9sUxEtwhnXvTjRWLB9xxSfowsGSmOkxyRmmPVCbo-8-1-XyJa1SD6HRw4Btckm5g2esquSko05bppGi4YGY5eIqyKi8M/s2543/20200822_101142.jpg,Picture
19158,https://live.staticflickr.com/65535/48457948032_24d7fb7782_b.jpg,#VALUE!
19202,https://arches.arches-app-demo.opentechstrategies.com/files/95e6e989-3a6b-4e05-8860-d48b27e13092,Picture
19162,https://cydsmillie.com/wp-content/uploads/2017/07/The-Dream-painting-the-parade-768x1024.jpg,Picture
19226,https://loopchicago.com/assets/Tourism-Operators/images/11_Sam-Kirk_Power-to-the-People.jpg,Picture
19099,,#VALUE!
19196,https://images.squarespace-cdn.com/content/v1/571f86115559868d44e04020/1467829646066-VU59FE3GYBZLLZ4R9B1O/image-asset.jpeg?format=1500w,Picture
19317,,#VALUE!
19406,,#VALUE!
19316,,#VALUE!
19111,https://chicagobikeadventures.com/wp-content/uploads/2020/02/IMG_7310-2.jpg,Picture
19151,,#VALUE!
19189,https://images.squarespace-cdn.com/content/v1/5a5d03d1ccc5c5e98cce0269/6d8af5e6-8ea1-4b35-8a91-8ca795db42c5/WAC_060816_S022+copy.jpg?format=1500w,Picture
19287,,#VALUE!
19156,,#VALUE!
19396,https://cdn.myportfolio.com/1d8e54e6-ae5a-4d6a-8a28-57b7e374d96a/c5837ee3-3542-445a-890a-9752507abd07_rw_1200.jpg?h=54d7a54a3e7ba512560042000cfd7199,#VALUE!
19419,https://rpba.org/wp-content/uploads/2016/12/HS_CreativeCollective1-1080x720.jpg,Picture
19165,https://cydsmillie.com/wp-content/uploads/2017/07/What-We-Create-Final-768x419.jpg,Picture
19410,,#VALUE!
19175,https://live.staticflickr.com/4239/34997579503_5dbec5b2d1_b.jpg,Picture
19440,https://encrypted-tbn0.gstatic.com/images?q=tbn:ANd9GcSlnlf2oclRLQGtRZiz_BmUL1Cd1t83RM-XtA&s,#VALUE!
19100,,#VALUE!
19002,"https://static.wixstatic.com/media/656945_0275b70b3416408e8757bb1807328e25~mv2.png/v1/fill/w_640,h_400,al_c,lg_1,q_85,enc_auto/Miguel%20Del%20Real.png",Picture
19200,https://arches.arches-app-demo.opentechstrategies.com/files/uploadedfiles/Rectangular-Women.jpg,Picture
19177,https://streetartcities.com/media/1/1f8c0b19-7698-4a34-a6ae-1495a3d593f5/2048.jpg,Picture
19326,,#VALUE!
19087,,#VALUE!
19318,,#VALUE!
19167,https://masa-street-art.s3.us-east-2.amazonaws.com/ig/BhUNRHtnuf_.jpg,#VALUE!
19308,,#VALUE!
19393,https://images.squarespace-cdn.com/content/v1/5ff9a723c139232fa46bbd7b/f06a3177-e4d1-4ba1-baaa-1cf2548fee3b/IMG_7878.JPG?format=500w,#VALUE!
19095,,#VALUE!
19320,,#VALUE!
19282,https://loopchicago.com/assets/Tourism-Operators/images/12_Fonte_Fontes-World__FocusFillWzgwMCw2MDAsIngiLDExMV0.jpg,Picture
19195,https://live.staticflickr.com/4442/35933878963_c444c57c1b_z.jpg,#VALUE!
19425,https://img-cache.oppcdn.com/img/v1.0/s:38127/t:QkxBTksrVEVYVCtIRVJF/p:12/g:tl/o:2.5/a:50/q:90/1640x830-EuuTAzMqX1up8XxL.jpg/1106x830/ab3bc4b2d68b244daf694dc2eeecf64a.jpg,Picture
19375,,#VALUE!
19324,,#VALUE!
19160,https://images.squarespace-cdn.com/content/v1/5344945ce4b00c883f89c421/1542237954513-KK35BBCLNIQ7OR6C2BCB/IMG_4821.JPG?format=1500w,Picture
19377,,#VALUE!
19421,https://images.squarespace-cdn.com/content/v1/55edd6dbe4b03f7588c0a87f/1477685882900-2FMEVBLE3FS0ZRWMYX0D/19.JPG?format=1500w,Picture
19057,,#VALUE!
19098,,#VALUE!
19201,https://pbs.twimg.com/media/DgzCaovUEAA8WTf.jpg,Picture
19249,https://www.chicago.gov/content/dam/city/depts/dca/Public%20Art/mural_registry/grid_gallery/therowantree.jpg,Picture
19335,,#VALUE!
19206,https://cdn.shoplightspeed.com/shops/636205/files/25789985/1600x2048x1/buy-columbia-by-columbia-desenredando-fronteras-sc.jpg,Picture
19047,"https://nationalmuseumofmexicanart.org/img/8d598ad4-dfef-4077-bb23-1f2a93be0a3b/yollocalli-murals-izaacguzman-3.jpg?fm=jpg&q=80&fit=max&crop=6745,3369,0,717&w=320",#VALUE!
19089,,#VALUE!
19203,https://media.gettyimages.com/id/1143144011/photo/chicago-cityscapes-and-city-views.jpg?s=2048x2048&w=gi&k=20&c=Ae8GwNn2cEGFuzRbAvv-jJd70Ev1mxayNJIgxGdEXUg=,Picture
19338,,#VALUE!
19438,https://artsalivechicago.org/wp-content/uploads/2022/11/EC-Culvers-final.jpg,Picture
19397,,#VALUE!
19442,https://images.squarespace-cdn.com/content/v1/5859a21abebafbdeb004bae2/1694488761206-JMSE6IXHEWHOCUSDUJGW/image-asset.jpeg?format=2500w,#VALUE!
19153,,#VALUE!
19033,https://artsalivechicago.org/wp-content/uploads/2018/06/36189060_10212481175647659_6252075397618335744_n.jpg,#VALUE!
19097,,#VALUE!
19310,,#VALUE!
19334,,#VALUE!
19029,https://images.squarespace-cdn.com/content/v1/572e8cb440261d2ef98570ef/1606772604036-AREWHYCEON18IZK06IH7/SKYWHOLE.jpg?format=1500w,Picture
19402,https://i0.wp.com/bcc-newspack.s3.amazonaws.com/uploads/2022/08/20220401_131744-1-scaled-1.jpg?fit=1200%2C555&ssl=1,Picture
19073,https://hue.crc.nd.edu/pilsen/murals/declaration-of-immigration/gallery-0_hu4405ca864103d9418edac45f1abefa83_1644308_600x0_resize_q75_box.jpg,Picture
19225,https://media.gettyimages.com/id/1153546294/photo/chicago-cityscapes-and-city-views.jpg?s=612x612&w=gi&k=20&c=0lUVSBXOKfyEFNtDmIvTREbXbO-94AEUXcXyAkvSUTM=,Picture
19430,https://img-cache.oppcdn.com/fixed/38127/assets/T57qYCtOMEnTreYq.jpg,Picture
19079,,#VALUE!
19194,https://images.fnewsmagazine.com/2017/07/DSC_7381.jpg,Picture
19169,"https://static.wixstatic.com/media/8ef7ca_a210c24aba994b71ac3d6d0a8a706dc9~mv2.jpg/v1/fill/w_280,h_103,q_90/8ef7ca_a210c24aba994b71ac3d6d0a8a706dc9~mv2.jpg",Picture
19093,,#VALUE!
19289,https://loopchicago.com/assets/Tourism-Operators/images/18_Barrett-Keithley_Intergallactic-lovers-or-nah__FillWzEyMDAsMTIwMF0.jpg,Picture
19447,https://encrypted-tbn3.gstatic.com/images?q=tbn:ANd9GcQrCJSV0r6SFUNjAx7Qfyz83e49t_TlIOg6TFdi9JNxHzAmNWER,#VALUE!
19412,,#VALUE!
19181,https://encrypted-tbn1.gstatic.com/images?q=tbn:ANd9GcSKZAz_0VB7O68Nv-gLuWgZW6G0mPxpl6pFCt3qoFPD6pt85Uob,Picture
19085,,#VALUE!
19046,,#VALUE!
19045,https://www.corkery.cps.edu/lightbox2/virtual17/28.jpg,#VALUE!
19059,https://yollocalli.org/wp-content/uploads/2020/10/mmural1.jpg,#VALUE!
19405,,#VALUE!
19435,https://www.themagnificentmile.com/hubfs/undercurrent2.jpg,#VALUE!
19027,,#VALUE!
19052,https://fastly.4sqi.net/img/general/100x100/20759371_jWbBYdBJBM-cLzwbK5vJx_Uqq-bKzfJxUv9rwPHIh_4.jpg,#VALUE!
19327,,#VALUE!
19416,https://images.squarespace-cdn.com/content/v1/5a58e8494c326d6039139c15/1695435141609-BWEZXINZB7NNQ04RLIA1/14B8F3C7-F624-4521-B2BC-52614EAFE86B.jpeg?format=750w,Picture
19217,https://live.staticflickr.com/65535/51872689990_eebb1bb023_n.jpg,Picture
19439,,#VALUE!
19197,https://images.fnewsmagazine.com/2017/07/DSC_7359.jpg,Picture
19145,,#VALUE!
19322,,#VALUE!
19433,,#VALUE!
19424,https://img-cache.oppcdn.com/img/v1.0/s:38127/t:QkxBTksrVEVYVCtIRVJF/p:12/g:tl/o:2.5/a:50/q:90/984x588-zLmeO0SmgH9z2DXu.jpg/984x440/fc5e868df2ed073aab1f39574a7a635e.jpg,Picture
19330,,#VALUE!
19456,,#VALUE!
19091,,#VALUE!
19110,https://aec00b1f41d2312b8080.cdn6.editmysite.com/uploads/b/aec00b1f41d2312b8080da39d210eb208b1fc0768175e1ae5fae8ca3a7fd13d2/tony-passero-coywolf-mural-606trail-midstreet_1661785277.jpg?width=2400&optimize=medium,Picture
19209,https://live.staticflickr.com/4303/35061578654_fb94d04d85_z.jpg,Picture
19005,https://blogger.googleusercontent.com/img/b/R29vZ2xl/AVvXsEimZgsknrmLhESYLEngWnUu08rIN6Khm6zI0HsYnLBiIJZZdgwR0GHDxmuMykFe6__QGeIET3CEArjNPzcoCI3ATXkWuSVqBeDLWxfVRCnyvseH-rpG5rxWFnebEDazc1SCkt3NRhiFxcQ5/s400/LI-sculp-mural-005b.jpg,Picture
19042,"https://static.wixstatic.com/media/07e918_87d9bc2d3e774db9ace657b8a2330d81~mv2.jpg/v1/crop/x_0,y_0,w_21777,h_1800/fill/w_1258,h_104,al_c,q_80,usm_0.66_1.00_0.01,enc_avif,quality_auto/484mrl.jpg",Picture
19208,https://loopchicago.com/assets/Tourism-Operators/images/21_Morley_Penny-for-your-Thoughts.jpeg,Picture
19446,https://scontent-ord5-2.xx.fbcdn.net/v/t39.30808-6/246382664_6254249491316541_2946626320603174110_n.jpg?_nc_cat=103&ccb=1-7&_nc_sid=127cfc&_nc_ohc=vp4jvdOZ6j8Q7kNvgE-Dn8E&_nc_zt=23&_nc_ht=scontent-ord5-2.xx&_nc_gid=AIFwqFhP7KneB47IiCqRRQ7&oh=00_AYCkMsn2MvXFNDAIjFcGB862eUW3Zi_wS6FQHy7laXLYkQ&oe=675BCDCA,#VALUE!
19332,,#VALUE!
19207,https://loopchicago.com/assets/Uploads/20_Never-2501_The-Buckingham__FillWzEyMDAsMTIwMF0.jpg,Picture
19188,https://www.sourharvest.com/wp-content/uploads/2016/05/Ricky-Lee-Gordon-Mural-1.jpeg,Picture
19193,https://pbs.twimg.com/media/Dfq7BdcVQAAm6B-.jpg,Picture
19144,https://arthur.io/img/art/jpg/0017344bddd401356/cole-pierce/triangle-is-the-strongest-shape-7/large/cole-pierce--triangle-is-the-strongest-shape-7.jpg,Picture
19211,https://motownsavvy.com/wp-content/uploads/2019/05/urbsinhorto.jpg,#VALUE!
19395,https://encrypted-tbn0.gstatic.com/images?q=tbn:ANd9GcQ4o2lcAWqDOR9MVVwFuGyX4Qj9R6yf4LQf1Q&s,#VALUE!
19401,https://images.squarespace-cdn.com/content/v1/5e87658adfbb5a514c43d021/5bbf0747-19f5-4d6f-a40a-661908056419/IMG_6346.jpeg?format=1500w,Picture
19423,https://img-cache.oppcdn.com/fixed/38127/assets/SRYj4Md5pcAZtAbQ.jpg,Picture
19038,,#VALUE!
19170,https://cst.brightspotcdn.com/dims4/default/3ef0085/2147483647/strip/true/crop/2268x3024+882+0/resize/1440x1920!/format/webp/quality/90/?url=https%3A%2F%2Fcdn.vox-cdn.com%2Fthumbor%2FSjnr7MA5vIjsnOSBbrM0pYi6X80%3D%2F0x0%3A4032x3024%2F4032x3024%2Ffilters%3Afocal%282016x1512%3A2017x1513%29%2Fcdn.vox-cdn.com%2Fuploads%2Fchorus_asset%2Ffile%2F19990494%2FIMG_1195.jpg,Picture
19035,,#VALUE!
19422,https://img-cache.oppcdn.com/fixed/38127/assets/chLLiYtSYqW8FD7a.jpg,Picture
19413,https://bronzevillelife.com/wp-content/uploads/2019/06/IMG_9891-400x267.jpg,#VALUE!
19216,https://www.chicago.gov/content/dam/city/depts/dca/Public%20Art/mural_registry/grid_gallery/blockbyblock.jpg,Picture
19414,https://cst.brightspotcdn.com/dims4/default/250bd58/2147483647/strip/true/crop/4801x3429+0+0/resize/1680x1200!/format/webp/quality/90/?url=https%3A%2F%2Fcdn.vox-cdn.com%2Fthumbor%2FYgQVlYJBgW7o-zNpKARVLOzaPGI%3D%2F0x0%3A4801x3429%2F4801x3429%2Ffilters%3Afocal%282401x1715%3A2402x1716%29%2Fcdn.vox-cdn.com%2Fuploads%2Fchorus_asset%2Ffile%2F19607030%2Fmerlin_84257701.jpg,#VALUE!
19176,https://c.files.bbci.co.uk/E696/production/_108503095_gettyimages-1143275796.jpg,Picture
19107,,#VALUE!
19192,,#VALUE!
19117,https://cdn.myportfolio.com/2a5ef8bc53366a0a5830e36fe403a8c8/280088ac-61a8-46be-8608-f4235e47676e_rw_1920.jpg?h=04b700b2a62ad1292d70a1d5ae06f17a,Picture
